Workbook

Sheet Notes
A1: Olist seller risk scorecard - WoE / IV screening
A2: Generated from main_marts.fct_seller_snapshots. Fitted on the TRAINING period only.
A4: What this measures
B5: Each feature is split into bins. For every bin we compare the share of all GOOD seller-snapshots that fall in it against the share of all BAD ones. Weight of Evidence is the log of that ratio.
B6: Positive WoE = goods over-represented = lower risk. Negative = higher risk. Zero = the bin says nothing.
B7: Information Value sums those differences into one number per feature, so features can be ranked.
A9: Formulas (live in the WoE detail sheet)
B10: pct_good = (good + s) / (total good + s x bins) s = Laplace smoothing, cell B1
B11: pct_bad = (bad + s) / (total bad + s x bins)
B12: WoE = LN(pct_good / pct_bad)
B13: IV part = (pct_good - pct_bad) x WoE IV = sum of the parts
B14: Smoothing adds half a count to each cell so a bin with zero bads gives a large finite WoE rather than infinity. Change it in WoE detail!B1 and everything recalculates.
A16: Reading the Information Value
A21: under 0.02 | B21: useless - drop it
A22: 0.02 - 0.10 | B22: weak
A23: 0.10 - 0.30 | B23: medium
A24: 0.30 - 0.50 | B24: strong
A25: over 0.50 | B25: SUSPECT - go looking for a leak
B26: 1. Nothing scores above 0.5. That is the leakage check passing. A feature that predicts the future too well usually contains the future.
B27: 2. Past lateness is the anchor and it is monotone: more late before, more late after.
B28: 3. State here is the SELLER's state, not the customer's. Sao Paulo sellers are the riskiest group, which does not contradict the D5 finding that Sao Paulo CUSTOMERS are among the best served - they are different entities.
A30: Monotonicity is computed in Python (scripts/scorecard.py, is_monotone, tolerance 0.02) and entered here as text; it is not derived by a formula in this workbook.

Sheet IV ranking
A1: Information Value by feature
A2: Training period only (Jun 2017 - Jan 2018, 2,666 rows, 32.9% bad). IV and bin count are live formulas over the WoE detail sheet.
A4: feature | B4: IV | C4: strength | D4: bins | E4: monotone WoE | F4: what it is
A5: obs_late_rate | B5: =SUMIFS('WoE detail'!$L$4:$L$46,'WoE detail'!$A$4:$A$46,$A5) -> 0.18923831 | C5: =IF(B5<0.02,"useless",IF(B5<0.1,"weak",IF(B5<0.3,"medium",IF(B5<0.5,"strong","SUSPECT - check for leakage")))) -> medium | D5: =COUNTIFS('WoE detail'!$A$4:$A$46,$A5) -> 4 | E5: yes | F5: Share of delivered orders arriving after the promised date, over the 6-month observation window.
A6: state | B6: =SUMIFS('WoE detail'!$L$4:$L$46,'WoE detail'!$A$4:$A$46,$A6) -> 0.1259884 | C6: =IF(B6<0.02,"useless",IF(B6<0.1,"weak",IF(B6<0.3,"medium",IF(B6<0.5,"strong","SUSPECT - check for leakage")))) -> medium | D6: =COUNTIFS('WoE detail'!$A$4:$A$46,$A6) -> 7 | E6: n/a (categorical) | F6: Seller's state (dim_sellers), NOT the customer's state. SP sellers ship long-haul nationwide.
A7: obs_avg_review | B7: =SUMIFS('WoE detail'!$L$4:$L$46,'WoE detail'!$A$4:$A$46,$A7) -> 0.085826026 | C7: =IF(B7<0.02,"useless",IF(B7<0.1,"weak",IF(B7<0.3,"medium",IF(B7<0.5,"strong","SUSPECT - check for leakage")))) -> weak | D7: =COUNTIFS('WoE detail'!$A$4:$A$46,$A7) -> 5 | E7: yes | F7: Review-count-weighted average review score over the window.
A8: tenure_months | B8: =SUMIFS('WoE detail'!$L$4:$L$46,'WoE detail'!$A$4:$A$46,$A8) -> 0.062766205 | C8: =IF(B8<0.02,"useless",IF(B8<0.1,"weak",IF(B8<0.3,"medium",IF(B8<0.5,"strong","SUSPECT - check for leakage")))) -> weak | D8: =COUNTIFS('WoE detail'!$A$4:$A$46,$A8) -> 5 | E8: no | F8: Months between the seller's first trading month and the snapshot.
A9: obs_aov | B9: =SUMIFS('WoE detail'!$L$4:$L$46,'WoE detail'!$A$4:$A$46,$A9) -> 0.047527027 | C9: =IF(B9<0.02,"useless",IF(B9<0.1,"weak",IF(B9<0.3,"medium",IF(B9<0.5,"strong","SUSPECT - check for leakage")))) -> weak | D9: =COUNTIFS('WoE detail'!$A$4:$A$46,$A9) -> 5 | E9: no | F9: Observation-window revenue divided by orders.
A10: obs_revenue | B10: =SUMIFS('WoE detail'!$L$4:$L$46,'WoE detail'!$A$4:$A$46,$A10) -> 0.028409808 | C10: =IF(B10<0.02,"useless",IF(B10<0.1,"weak",IF(B10<0.3,"medium",IF(B10<0.5,"strong","SUSPECT - check for leakage")))) -> weak | D10: =COUNTIFS('WoE detail'!$A$4:$A$46,$A10) -> 5 | E10: no | F10: Total revenue in the observation window.
A11: obs_items_per_order | B11: =SUMIFS('WoE detail'!$L$4:$L$46,'WoE detail'!$A$4:$A$46,$A11) -> 0.024145036 | C11: =IF(B11<0.02,"useless",IF(B11<0.1,"weak",IF(B11<0.3,"medium",IF(B11<0.5,"strong","SUSPECT - check for leakage")))) -> weak | D11: =COUNTIFS('WoE detail'!$A$4:$A$46,$A11) -> 4 | E11: no | F11: Items divided by orders in the observation window.
A12: obs_orders | B12: =SUMIFS('WoE detail'!$L$4:$L$46,'WoE detail'!$A$4:$A$46,$A12) -> 0.023277163 | C12: =IF(B12<0.02,"useless",IF(B12<0.1,"weak",IF(B12<0.3,"medium",IF(B12<0.5,"strong","SUSPECT - check for leakage")))) -> weak | D12: =COUNTIFS('WoE detail'!$A$4:$A$46,$A12) -> 5 | E12: no (U-shaped) | F12: Order volume in the observation window. U-shaped: smallest and largest sellers both riskier.
A13: obs_active_months | B13: =SUMIFS('WoE detail'!$L$4:$L$46,'WoE detail'!$A$4:$A$46,$A13) -> 0.0028953197 | C13: =IF(B13<0.02,"useless",IF(B13<0.1,"weak",IF(B13<0.3,"medium",IF(B13<0.5,"strong","SUSPECT - check for leakage")))) -> useless | D13: =COUNTIFS('WoE detail'!$A$4:$A$46,$A13) -> 3 | E13: yes | F13: Months traded out of 6. Near-constant once 10+ orders of history is required.

Sheet WoE detail
A1: Laplace smoothing | B1: 0.5 | C1: <- editable; every WoE below recalculates from it
A3: feature | B3: type | C3: bin # | D3: bin | E3: n | F3: good | G3: bad | H3: bad rate | I3: % of all goods | J3: % of all bads | K3: WoE | L3: IV part
A4: obs_late_rate | B4: numeric | C4: 1 | D4: (-inf, 0.0217] | E4: 1067 | F4: 804 | G4: 263 | H4: =G4/E4 -> 0.24648547 | I4: =(F4+$B$1)/(SUMIFS($F$4:$F$46,$A$4:$A$46,$A4)+$B$1*COUNTIFS($A$4:$A$46,$A4)) -> 0.44944134 | J4: =(G4+$B$1)/(SUMIFS($G$4:$G$46,$A$4:$A$46,$A4)+$B$1*COUNTIFS($A$4:$A$46,$A4)) -> 0.29943182 | K4: =LN(I4/J4) -> 0.40611861 | L4: =(I4-J4)*K4 -> 0.060921658
A5: obs_late_rate | B5: numeric | C5: 2 | D5: (0.0217, 0.0435] | E5: 535 | F5: 370 | G5: 165 | H5: =G5/E5 -> 0.30841121 | I5: =(F5+$B$1)/(SUMIFS($F$4:$F$46,$A$4:$A$46,$A5)+$B$1*COUNTIFS($A$4:$A$46,$A5)) -> 0.20698324 | J5: =(G5+$B$1)/(SUMIFS($G$4:$G$46,$A$4:$A$46,$A5)+$B$1*COUNTIFS($A$4:$A$46,$A5)) -> 0.18806818 | K5: =LN(I5/J5) -> 0.095833259 | L5: =(I5-J5)*K5 -> 0.0018126917
A6: obs_late_rate | B6: numeric | C6: 3 | D6: (0.0435, 0.0789] | E6: 532 | F6: 355 | G6: 177 | H6: =G6/E6 -> 0.33270677 | I6: =(F6+$B$1)/(SUMIFS($F$4:$F$46,$A$4:$A$46,$A6)+$B$1*COUNTIFS($A$4:$A$46,$A6)) -> 0.19860335 | J6: =(G6+$B$1)/(SUMIFS($G$4:$G$46,$A$4:$A$46,$A6)+$B$1*COUNTIFS($A$4:$A$46,$A6)) -> 0.20170455 | K6: =LN(I6/J6) -> -0.015494351 | L6: =(I6-J6)*K6 -> 4.8050981e-05
A7: obs_late_rate | B7: numeric | C7: 4 | D7: (0.0789, inf] | E7: 532 | F7: 259 | G7: 273 | H7: =G7/E7 -> 0.51315789 | I7: =(F7+$B$1)/(SUMIFS($F$4:$F$46,$A$4:$A$46,$A7)+$B$1*COUNTIFS($A$4:$A$46,$A7)) -> 0.14497207 | J7: =(G7+$B$1)/(SUMIFS($G$4:$G$46,$A$4:$A$46,$A7)+$B$1*COUNTIFS($A$4:$A$46,$A7)) -> 0.31079545 | K7: =LN(I7/J7) -> -0.76259391 | L7: =(I7-J7)*K7 -> 0.12645591
A8: state | B8: categorical | C8: 1 | D8: SP | E8: 1743 | F8: 1081 | G8: 662 | H8: =G8/E8 -> 0.37980493 | I8: =(F8+$B$1)/(SUMIFS($F$4:$F$46,$A$4:$A$46,$A8)+$B$1*COUNTIFS($A$4:$A$46,$A8)) -> 0.60368406 | J8: =(G8+$B$1)/(SUMIFS($G$4:$G$46,$A$4:$A$46,$A8)+$B$1*COUNTIFS($A$4:$A$46,$A8)) -> 0.75155984 | K8: =LN(I8/J8) -> -0.21909985 | L8: =(I8-J8)*K8 -> 0.03239956
A9: state | B9: categorical | C9: 2 | D9: RJ | E9: 83 | F9: 54 | G9: 29 | H9: =G9/E9 -> 0.34939759 | I9: =(F9+$B$1)/(SUMIFS($F$4:$F$46,$A$4:$A$46,$A9)+$B$1*COUNTIFS($A$4:$A$46,$A9)) -> 0.030421435 | J9: =(G9+$B$1)/(SUMIFS($G$4:$G$46,$A$4:$A$46,$A9)+$B$1*COUNTIFS($A$4:$A$46,$A9)) -> 0.033465683 | K9: =LN(I9/J9) -> -0.095373097 | L9: =(I9-J9)*K9 -> 0.00029033945
A10: state | B10: categorical | C10: 3 | D10: MG | E10: 299 | F10: 223 | G10: 76 | H10: =G10/E10 -> 0.2541806 | I10: =(F10+$B$1)/(SUMIFS($F$4:$F$46,$A$4:$A$46,$A10)+$B$1*COUNTIFS($A$4:$A$46,$A10)) -> 0.12475579 | J10: =(G10+$B$1)/(SUMIFS($G$4:$G$46,$A$4:$A$46,$A10)+$B$1*COUNTIFS($A$4:$A$46,$A10)) -> 0.086783891 | K10: =LN(I10/J10) -> 0.36293714 | L10: =(I10-J10)*K10 -> 0.013781413
A11: state | B11: categorical | C11: 4 | D11: PR | E11: 229 | F11: 174 | G11: 55 | H11: =G11/E11 -> 0.24017467 | I11: =(F11+$B$1)/(SUMIFS($F$4:$F$46,$A$4:$A$46,$A11)+$B$1*COUNTIFS($A$4:$A$46,$A11)) -> 0.09740441 | J11: =(G11+$B$1)/(SUMIFS($G$4:$G$46,$A$4:$A$46,$A11)+$B$1*COUNTIFS($A$4:$A$46,$A11)) -> 0.062960862 | K11: =LN(I11/J11) -> 0.43635819 | L11: =(I11-J11)*K11 -> 0.015029724
A12: state | B12: categorical | C12: 5 | D12: OTHER | E12: 93 | F12: 73 | G12: 20 | H12: =G12/E12 -> 0.21505376 | I12: =(F12+$B$1)/(SUMIFS($F$4:$F$46,$A$4:$A$46,$A12)+$B$1*COUNTIFS($A$4:$A$46,$A12)) -> 0.041027072 | J12: =(G12+$B$1)/(SUMIFS($G$4:$G$46,$A$4:$A$46,$A12)+$B$1*COUNTIFS($A$4:$A$46,$A12)) -> 0.023255814 | K12: =LN(I12/J12) -> 0.56767699 | L12: =(I12-J12)*K12 -> 0.010088334
A13: state | B13: categorical | C13: 6 | D13: SC | E13: 149 | F13: 124 | G13: 25 | H13: =G13/E13 -> 0.16778523 | I13: =(F13+$B$1)/(SUMIFS($F$4:$F$46,$A$4:$A$46,$A13)+$B$1*COUNTIFS($A$4:$A$46,$A13)) -> 0.069494837 | J13: =(G13+$B$1)/(SUMIFS($G$4:$G$46,$A$4:$A$46,$A13)+$B$1*COUNTIFS($A$4:$A$46,$A13)) -> 0.028927964 | K13: =LN(I13/J13) -> 0.87644373 | L13: =(I13-J13)*K13 -> 0.035554581
A14: state | B14: categorical | C14: 7 | D14: RS | E14: 70 | F14: 59 | G14: 11 | H14: =G14/E14 -> 0.15714286 | I14: =(F14+$B$1)/(SUMIFS($F$4:$F$46,$A$4:$A$46,$A14)+$B$1*COUNTIFS($A$4:$A$46,$A14)) -> 0.033212392 | J14: =(G14+$B$1)/(SUMIFS($G$4:$G$46,$A$4:$A$46,$A14)+$B$1*COUNTIFS($A$4:$A$46,$A14)) -> 0.013045944 | K14: =LN(I14/J14) -> 0.93444574 | L14: =(I14-J14)*K14 -> 0.018844451
A15: obs_avg_review | B15: numeric | C15: 1 | D15: (-inf, 3.917] | E15: 540 | F15: 303 | G15: 237 | H15: =G15/E15 -> 0.43888889 | I15: =(F15+$B$1)/(SUMIFS($F$4:$F$46,$A$4:$A$46,$A15)+$B$1*COUNTIFS($A$4:$A$46,$A15)) -> 0.16950572 | J15: =(G15+$B$1)/(SUMIFS($G$4:$G$46,$A$4:$A$46,$A15)+$B$1*COUNTIFS($A$4:$A$46,$A15)) -> 0.26973311 | K15: =LN(I15/J15) -> -0.46454627 | L15: =(I15-J15)*K15 -> 0.046560257
... A46: obs_active_months | B46: numeric | C46: 3 | D46: (5.0, inf] | E46: 1458 | F46: 962 | G46: 496 | H46: =G46/E46 -> 0.34019204 | I46: =(F46+$B$1)/(SUMIFS($F$4:$F$46,$A$4:$A$46,$A46)+$B$1*COUNTIFS($A$4:$A$46,$A46)) -> 0.53785974 | J46: =(G46+$B$1)/(SUMIFS($G$4:$G$46,$A$4:$A$46,$A46)+$B$1*COUNTIFS($A$4:$A$46,$A46)) -> 0.5645253 | K46: =LN(I46/J46) -> -0.048387383 | L46: =(I46-J46)*K46 -> 0.0012902767

Sheet Split
A1: Out-of-time split
A2: Cut by date, not at random: a random split would test the model on months it had already seen, put the same seller on both sides, and average away the regime change.
A4: split | B4: rows | C4: distinct sellers | D4: snapshots | E4: bads | F4: bad rate
A5: train | B5: 2666 | C5: 575 | D5: 8 | E5: 878 | F5: =E5/B5 -> 0.32933233
A6: test | B6: 1856 | C6: 626 | D6: 4 | E6: 374 | F6: =E6/B6 -> 0.20150862
A7: total | B7: =SUM(B5:B6) -> 4522 | E7: =SUM(E5:E6) -> 1252 | F7: =E7/B7 -> 0.27686864
A8: Note: sellers do not sum - 434 sellers appear in both periods, which is realistic but is a route for optimism in the test score. Flagged for the leakage audit.
A11: Bad rate by snapshot
A12: The label depends enormously on WHEN you look. The Dec 2017 snapshot's outcome window is Jan-Mar 2018 - the Black Friday backlog and the delivery crisis.
A14: snapshot | B14: split | C14: rows | D14: bads | E14: bad rate
A15: 2017-06-01 | B15: train | C15: 241 | D15: 19 | E15: =D15/C15 -> 0.078838174
A16: 2017-07-01 | B16: train | C16: 267 | D16: 29 | E16: =D16/C16 -> 0.10861423
A17: 2017-08-01 | B17: train | C17: 296 | D17: 71 | E17: =D17/C17 -> 0.23986486
A18: 2017-09-01 | B18: train | C18: 314 | D18: 93 | E18: =D18/C18 -> 0.29617834
A19: 2017-10-01 | B19: train | C19: 326 | D19: 101 | E19: =D19/C19 -> 0.30981595
A20: 2017-11-01 | B20: train | C20: 374 | D20: 132 | E20: =D20/C20 -> 0.35294118
A21: 2017-12-01 | B21: train | C21: 403 | D21: 208 | E21: =D21/C21 -> 0.51612903
A22: 2018-01-01 | B22: train | C22: 445 | D22: 225 | E22: =D22/C22 -> 0.50561798
A23: 2018-02-01 | B23: test | C23: 466 | D23: 208 | E23: =D23/C23 -> 0.44635193
A24: 2018-03-01 | B24: test | C24: 454 | D24: 64 | E24: =D24/C24 -> 0.14096916
A25: 2018-04-01 | B25: test | C25: 477 | D25: 51 | E25: =D25/C25 -> 0.10691824
A26: 2018-05-01 | B26: test | C26: 459 | D26: 51 | E26: =D26/C26 -> 0.11111111
